,Chemical,CAS,Cancer,Developmental,Female_Reproductive,Male_Reproductive
0,"1-(2-Chloroethyl)-3-(4-methylcyclohexyl)-1-
nitrosourea (Methyl-CCNU)",13909-09-6,1,0,0,0
1,"1-(2-Chloroethyl)-3-cyclohexyl-1-nitrosourea
(CCNU) (Lomustine)",13010-47-4,1,0,0,0
2,"1-(2-Chloroethyl)-3-cyclohexyl-1-nitrosourea
(CCNU) (Lomustine)",13010-47-4,0,1,0,0
3,"1,1,2,2-Tetrachloroethane",79-34-5,1,0,0,0
4,"1,1-Dichloro-2,2-bis(p -chloropheny)ethylene (DDE)",72-55-9,0,1,0,1
5,"1,1-Dichloroethane",75-34-3,1,0,0,0
6,"1,1-Dimethylhydrazine (UDMH)",57-14-7,1,0,0,0
7,"1,2,3-Trichloropropane",96-18-4,1,0,0,0
8,"1,2-Dibromo-3-chloropropane (DBCP)",71932,1,0,0,0
9,"1,2-Dibromo-3-chloropropane (DBCP)",71932,0,0,0,1
10,"1,2-Dichloropropane",78-87-5,1,0,0,0
11,"1,2-Diethylhydrazine",1615-80-1,1,0,0,0
12,"1,2-Dimethylhydrazine",540-73-8,1,0,0,0
13,"1,2-Epoxybutane",106-88-7,1,0,0,0
14,"1,3,5-Triglycidyl-s-triazinetrione",2451-62-9,0,0,0,1
15,"1,3-Butadiene",106-99-0,1,0,0,0
16,"1,3-Butadiene",106-99-0,1,1,1,1
17,"1,3-Dichloro-2-propanol (1,3-DCP)",96-23-1,1,0,0,0
18,"1,3-Dichloropropene",542-75-6,1,0,0,0
19,"1,3-Dinitropyrene",75321-20-9,1,0,0,0
20,"1,3-Propane sultone",1120-71-4,1,0,0,0
21,"1,4-Butanediol dimethanesulfonate (Busulfan)",55-98-1,1,1,0,0
22,"1,4-Dichloro-2-butene",764-41-0,1,0,0,0
23,"1,4-Dioxane",123-91-1,1,0,0,0
24,"1,6-Dinitropyrene",42397-64-8,1,0,0,0
25,"1,8-Dinitropyrene",42397-65-9,1,0,0,0
26,1-[(5-Nitrofurfurylidene)-amino]-2-imidazolidinone,555-84-0,1,0,0,0
27,"1-Amino-2,4-dibromoanthraquinone",81-49-2,1,0,0,0
28,1-Amino-2-methylanthraquinone,82-28-0,1,0,0,0
29,1-Bromopropane (1-BP),106-94-5,0,1,1,1
30,1-Chloro-4-nitrobenzene,100-00-5,1,0,0,0
31,1-Hydroxyanthraquinone,129-43-1,1,0,0,0
32,1-Naphthylamine,134-32-7,1,0,0,0
34,Chemical,CAS No.,Cancer,Developmental,"Female
Reproductive","Male
Reproductive"
35,1-Nitropyrene,5522-43-0,1,0,0,0
36,2-(2-Formylhydrazino)-4-(5-nitro-2-furyl)thiazole,3570-75-0,1,0,0,0
37,"2,2-Bis(bromomethyl)-1,3-propanediol",3296-90-0,1,0,0,0
38,"2,3,7,8-Tetrachlorodibenzo-p -dioxin (TCDD)",-56240,1,0,0,0
39,"2,3,7,8-Tetrachlorodibenzo-p -dioxin (TCDD)",-56240,0,1,0,0
40,"2,3-Dibromo-1-propanol",96-13-9,1,0,0,0
41,"2,4,5-Trimethylaniline and its strong acid salts",---,1,0,0,0
42,"2,4,6-Trichlorophenol",68821,1,0,0,0
43,"2,4.6-Trinitrotoluene (TNT)",118-96-7,1,0,0,0
44,"2,4-Diaminoanisole",615-05-4,1,0,0,0
45,"2,4-Diaminoanisole sulfate",39156-41-7,1,0,0,0
46,"2,4-Diaminotoluene",95-80-7,1,0,0,0
47,"2,4-Dinitrotoluene",121-14-2,1,0,0,0
48,"2,4-Dinitrotoluene",121-14-2,0,0,0,1
49,"2,4-Hexadienal (89% trans, trans isomer; 11% cis,
trans isomer)",142-83-6,1,0,0,0
50,"2,6-Dimethyl-N-nitrosomorpholine (DMNM)",1456-28-6,1,0,0,0
51,"2,6-Dinitrotoluene",606-20-2,1,0,0,0
52,"2,6-Dinitrotoluene",606-20-2,0,0,0,1
53,"2,6-Xylidine (2,6-Dimethylaniline)",87-62-7,1,0,0,0
54,2-Acetylaminofluorene,53-96-3,1,0,0,0
55,"2-Amino-5-(5-nitro-2-furyl)-1,3,4-thiadiazole",712-68-5,1,0,0,0
56,2-Aminoanthraquinone,117-79-3,1,0,0,0
57,2-Aminofluorene,153-78-6,1,0,0,0
58,2-Bromopropane (2-BP),75-26-3,0,0,1,1
59,2-Chloropropionic acid,598-78-7,0,0,0,1
60,2-Ethylhexanoic acid,149-57-5,0,1,0,0
61,2-Methyl-1-nitroanthraquinone (of uncertain purity),129-15-7,1,0,0,0
62,2-Methylaziridine (Propyleneimine),75-55-8,1,0,0,0
63,2-Methylimidazole,693-98-1,1,0,0,0
64,2-Naphthylamine,91-59-8,1,0,0,0
65,2-Nitrofluorene,607-57-8,1,0,0,0
66,2-Nitropropane,79-46-9,1,0,0,0
67,3-(N-Nitrosomethylamino) propionitrile,60153-49-3,1,0,0,0
68,"3,3',4,4'-Tetrachloroazobenzene",14047-09-7,1,0,0,0
69,"3,3'-Dichloro-4,4'-diamino-diphenyl ether",28434-86-8,1,0,0,0
71,Chemical,CAS No.,Cancer,Developmental,"Female
Reproductive","Male
Reproductive"
72,"3,3'-Dichlorobenzidine",91-94-1,1,0,0,0
73,"3,3'-Dichlorobenzidine dihydrochloride",612-83-9,1,0,0,0
74,"3,3'-Dimethoxybenzidine (o -Dianisidine)",119-90-4,1,0,0,0
75,"3,3'-Dimethoxybenzidine dihydrochloride",20325-40-0,1,0,0,0
76,"3,3'-Dimethoxybenzidine-based dyes metabolized
to 3,3'-dimethoxybenzidine",---,1,0,0,0
77,"3,3'-Dimethylbenzidine (ortho-Tolidine)",119-93-7,1,0,0,0
78,"3,3'-Dimethylbenzidine dihydrochloride",612-82-8,1,0,0,0
79,"3,3'-Dimethylbenzidine-based dyes metabolized to
3,3'-dimethylbenzidine",---,1,0,0,0
80,"3,7-Dinitrofluoranthene",105735-71-5,1,0,0,0
81,"3,9-Dinitrofluoranthene",22506-53-2,1,0,0,0
82,3-Amino-9-ethylcarbazole hydrochloride,6109-97-3,1,0,0,0
83,3-Chloro-2-methylpropene,563-47-3,1,0,0,0
84,3-Methylcholanthrene,56-49-5,1,0,0,0
85,"3-Monochloropropane-1,2-diol (3-MCDP)",96-24-2,1,0,0,0
86,4-(N-Nitrosomethylamino)-1-(3-pyridyl)1-butanone,64091-91-4,1,0,0,0
87,"4,4'-Diaminodiphenyl ether (4,4'-Oxydianiline)",101-80-4,1,0,0,0
88,"4,4'-Methylene bis(2-chloroaniline)",101-14-4,1,0,0,0
89,"4,4'-Methylene bis(2-methylaniline)",838-88-0,1,0,0,0
90,"4,4'-Methylene bis(N,N-dimethyl)benzenamine",101-61-1,1,0,0,0
91,"4,4'-Methylenedianiline",101-77-9,1,0,0,0
92,"4,4'-Methylenedianiline dihydrochloride",13552-44-8,1,0,0,0
93,"4,4'-Thiodianiline",139-65-1,1,0,0,0
94,4-Amino-2-nitrophenol,119-34-6,1,0,0,0
95,4-Aminobiphenyl (4-aminodiphenyl),92-67-1,1,0,0,0
96,4-Chloro-o -phenylenediamine,95-83-0,1,0,0,0
97,4-Dimethylaminoazobenzene,58752,1,0,0,0
98,4-Methylimidazole,822-36-6,1,0,0,0
99,4-Nitrobiphenyl,92-93-3,1,0,0,0
100,4-Nitropyrene,57835-92-4,1,0,0,0
101,"4-Vinyl-1-cyclohexene diepoxide (Vinyl
cyclohexenedioxide)",106-87-6,1,0,0,0
102,4-Vinylcyclohexene,100-40-3,1,0,0,0
103,4-Vinylcyclohexene,100-40-3,0,0,1,1
104,"5-(Morpholinomethyl)-3-[(5-nitrofurfurylidene)-
amino]-2-oxazolidinone",139-91-3,1,0,0,0
106,Chemical,CAS No.,Cancer,Developmental,"Female
Reproductive","Male
Reproductive"
107,5-Chloro-o -toluidine and its strong acid salts,---,1,0,0,0
108,5-Methoxypsoralen with ultraviolet A therapy,484-20-8,1,0,0,0
109,5-Methylchrysene,3697-24-3,1,0,0,0
110,5-Nitroacenaphthene,602-87-9,1,0,0,0
111,6-Nitrochrysene,2043937,1,0,0,0
112,"7,12-Dimethylbenz(a)anthracene",57-97-6,1,0,0,0
113,"7H-Dibenzo[c,g]carbazole",194-59-2,1,0,0,0
114,8-Methoxypsoralen with ultraviolet A therapy,298-81-7,1,0,0,0
115,"A-alpha-C (2-Amino-9H-pyrido[2,3-b]indole)",26148-68-5,1,0,0,0
116,Acetaldehyde,75-07-0,1,0,0,0
117,Acetamide,60-35-5,1,0,0,0
118,Acetazolamide,59-66-5,0,1,0,0
119,Acetochlor,34256-82-1,1,0,0,0
120,Acetohydroxamic acid,546-88-3,0,1,0,0
121,Acifluorfen sodium,62476-59-9,1,0,0,0
122,Acrylamide,65532,1,0,0,0
123,Acrylamide,65532,0,1,0,1
124,Acrylonitrile,107-13-1,1,0,0,0
125,Actinomycin D,50-76-0,1,1,0,0
126,AF-2 [2-(2-furyl)-3-(5-nitro-2-furyl)acrylamide],3688-53-7,1,0,0,0
127,Aflatoxins,---,1,0,0,0
128,Alachlor,15972-60-8,1,0,0,0
129,Alcoholic beverages,---,1,0,0,0
130,"Alcoholic beverages, when associated with alcohol
abuse",---,1,0,0,0
131,Aldrin,309-00-2,1,0,0,0
132,All-trans retinoic acid,302-79-4,0,1,0,0
133,"alpha-Chlorinated toluenes (benzal chloride,
benzotric chloride, benzyl chloride) and benzoyl chloride (combined exposures)",98-87-3,1,0,0,0
134,Alprazolam,28981-97-7,0,1,0,0
135,Altretamine,645-05-6,0,1,0,1
136,Amantadine hydrochloride,665-66-7,0,1,0,0
137,Amikacin sulfate,39831-55-5,0,1,0,0
138,Aminoglutethimide,125-84-8,0,1,0,0
139,Aminoglycosides,---,0,1,0,0
140,Aminopterin,54-62-6,0,1,1,0
141,Amiodarone hydrochloride,19774-82-4,0,1,1,1
143,Chemical,CAS No.,Cancer,Developmental,"Female
Reproductive","Male
Reproductive"
144,Amitraz,33089-61-1,0,1,0,0
145,Amitrole,61-82-5,1,0,0,0
146,Amoxapine,14028-44-5,0,1,0,0
147,Amsacrine,51264-14-3,1,0,0,0
148,Anabolic steroids,---,0,0,1,1
149,Analgesic mixtures containing Phenacetin,---,1,0,0,0
150,Androgenic (anabolic) steriods,---,1,0,0,0
151,Androstenedione,59664,1,0,0,0
152,Angiotensin converting enzyme (ACE) inhibitors,---,0,1,0,0
153,Aniline,62-53-3,1,0,0,0
154,Aniline hydrochloride,142-04-1,1,0,0,0
155,Anisindione,117-37-3,0,1,0,0
156,Anthraquinone,84-65-1,1,0,0,0
157,Antimony oxide (Antimony trioxide),1309-64-4,1,0,0,0
158,Aramite,140-57-8,1,0,0,0
159,Areca nut,---,1,0,0,0
160,"Aristolochic acid, plants containing",313-67-7,1,0,0,0
161,Aristolochic acids,---,1,0,0,0
162,Arsenic (inorganic arsenic compounds),---,1,0,0,0
163,Arsenic (inorganic oxides),---,0,1,0,0
165,Asbestos,1332-21-4,1,0,0,0
166,Asbestos,77536-66-4,0,0,0,0
167,Asbestos,12172-73-5,0,0,0,0
168,Asbestos,77536-67-5,0,0,0,0
169,Asbestos,12001-29-5,0,0,0,0
170,Asbestos,12004-28-4,0,0,0,0
171,Asbestos,77536-68-6,0,0,0,0
172,Aspirin,50-78-2,0,1,1,0
173,Atenolol,29122-68-7,0,1,0,0
174,Auramine,492-80-8,1,0,0,0
175,Auranofin,34031-32-8,0,1,0,0
176,Avermectin B1 (Abamectin),71751-41-2,0,1,0,0
177,Azacitidine,320-67-2,1,0,0,0
178,Azaserine,115-02-6,1,0,0,0
179,Azathioprine,446-86-6,1,0,0,0
180,Azathioprine,446-86-6,0,1,0,0
181,Aziridine,151-56-4,1,0,0,0
183,Chemical,CAS No.,Cancer,Developmental,"Female
Reproductive","Male
Reproductive"
184,Azobenzene,103-33-3,1,0,0,0
185,Barbiturates,---,0,1,0,0
186,Beclomethasone dipropionate,1327543,0,1,0,0
187,Benomyl,17804-35-2,0,1,0,1
188,Benthiavalicarb-isopropyl,177406-68-7,1,0,0,0
189,Benthiavalicarb-isopropyl,177406-68-7,1,0,0,0
190,Benz[a]anthracene,56-55-3,1,0,0,0
191,Benz[j]aceanthrylene,202-33-5,1,0,0,0
192,Benzene,71-43-2,1,0,0,0
193,Benzene,71-43-2,0,1,0,1
194,Benzidine [and its salts],92-87-5,1,0,0,0
195,Benzidine-based dyes,---,1,0,0,0
196,Benzo[a]pyrene,50-32-8,1,0,0,0
197,Benzo[b]fluoranthene,205-99-2,1,0,0,0
198,Benzo[c]phenanthrene,195-19-7,1,0,0,0
199,Benzo[j]fluoranthene,205-82-3,1,0,0,0
200,Benzo[k]fluoranthene,207-08-9,1,0,0,0
201,Benzodiazepines,---,0,1,0,0
202,Benzofuran,271-89-6,1,0,0,0
203,Benzophenone,119-61-9,1,0,0,0
204,Benzotrichloride,72508,1,0,0,0
206,Benzphetamine hydrochloride,5411-22-3,0,1,0,0
207,Benzyl chloride,100-44-7,1,0,0,0
208,Benzyl violet 4B,-74992,1,0,0,0
209,Beryllium and beryllium compounds,---,1,0,0,0
210,beta-Butyrolactone,3068-88-0,1,0,0,0
211,beta-Propiolactone,57-57-8,1,0,0,0
212,Betel quid with tobacco,---,1,0,0,0
213,Betel quid without tobacco,---,1,0,0,0
214,"Bis(2-chloro-1-methylethyl)ether, technical grade",---,1,0,0,0
215,Bis(2-chloroethyl)ether,111-44-4,1,0,0,0
216,Bis(chloromethyl)ether,542-88-1,1,0,0,0
217,Bischloroethyl nitrosourea (BCNU) (Carmustine),154-93-8,1,0,0,0
218,Bischloroethyl nitrosourea (BCNU) (Carmustine),154-93-8,0,1,0,0
220,Chemical,CAS No.,Cancer,Developmental,"Female
Reproductive","Male
Reproductive"
221,"Bitumens, extracts of steam-refined and air refined",---,1,0,0,0
222,Bleomycins,11056-06-7,1,0,0,0
223,Bracken fern,---,1,0,0,0
224,Bromacil lithium salt,53404-19-6,0,1,0,0
225,Bromacil lithium salt,53404-19-6,0,0,0,1
226,Bromate,15541-45-4,1,0,0,0
227,Bromochloroacetic acid,5589-96-8,1,0,0,0
228,Bromodichloromethane,75-27-4,1,0,0,0
229,Bromoethane,74-96-4,1,0,0,0
230,Bromoform,75-25-2,1,0,0,0
231,Bromoxynil,1689-84-5,0,1,0,0
232,Bromoxynil octanoate,1689-99-2,0,1,0,0
233,Butabarbital sodium,143-81-7,0,1,0,0
234,Butyl benzyl phthalate (BBP),85-68-7,0,1,0,0
235,Butylated hydroxyanisole (BHA),25013-16-5,1,0,0,0
236,C.I. Acid Red 114,6459-94-5,1,0,0,0
237,C.I. Basic Red 9 monohydrochloride,569-61-9,1,0,0,0
238,C.I. Direct Blue 15,2429-74-5,1,0,0,0
239,C.I. Direct Blue 218,28407-37-6,1,0,0,0
240,C.I. Disperse Yellow 3,2832-40-8,1,0,0,0
241,C.I. Solvent Yellow 14,842-07-9,1,0,0,0
242,Cacodylic acid,75-60-5,1,0,0,0
243,Cadmium,---,0,1,0,1
244,Cadmium and cadmium compounds,---,1,0,0,0
245,Caffeic acid,331-39-5,1,0,0,0
246,Captafol,191906,1,0,0,0
247,Captan,133-06-2,1,0,0,0
248,Carbamazepine,298-46-4,0,1,0,0
249,Carbaryl,63-25-2,1,0,0,0
250,Carbaryl,63-25-2,0,1,0,1
251,Carbazole,86-74-8,1,0,0,0
252,Carbon black,1333-86-4,1,0,0,0
253,"Carbon black (airborne, unbound particles of
respirable size)",1333-86-4,1,0,0,0
254,Carbon disulfide,75-15-0,0,1,1,1
255,Carbon monoxide,630-08-0,0,1,0,0
256,Carbon tetrachloride,56-23-5,1,0,0,0
258,Chemical,CAS No.,Cancer,Developmental,"Female
Reproductive","Male
Reproductive"
259,Carbon-black extracts,---,1,0,0,0
260,Carboplatin,41575-94-4,0,1,0,0
261,Catechol,120-80-9,1,0,0,0
262,"Ceramic fibers (airborne particles of respirable
size)",---,1,0,0,0
263,Certain combined chemotherapy for lymphomas,---,1,0,0,0
264,Chenodiol,474-25-9,0,1,0,0
265,Chlorambucil,305-03-3,1,0,0,0
266,Chlorambucil,305-03-3,0,1,0,0
267,Chlorcyclizine hydrochloride,1620-21-9,0,1,0,0
268,Chlordane,57-74-9,1,0,0,0
269,Chlordecone (Kepone),143-50-0,1,1,0,0
270,Chlordecone (Kepone),143-50-0,0,1,0,0
271,Chlordiazepoxide,58-25-3,0,1,0,0
272,Chlordiazepoxide hydrochloride,438-41-5,0,1,0,0
273,Chlordimeform,6164-98-3,1,0,0,0
274,Chlorendic acid,115-28-6,1,0,0,0
275,"Chlorinated paraffins (Average chain length, C12;
approximately 60 percent chlorine by weight)",108171-26-2,1,0,0,0
276,Chloroethane (Ethyl chloride),75-00-3,1,0,0,0
277,Chloroform,67-66-3,1,0,0,0
278,Chloroform,67-66-3,0,1,0,0
279,Chloromethyl methyl ether (technical grade),107-30-2,1,0,0,0
280,Chloroprene,126-99-8,1,0,0,0
281,Chlorothalonil,1897-45-6,1,0,0,0
282,Chlorotrianisene,569-57-3,1,0,0,0
283,Chlorozotocin,54749-90-5,1,0,0,0
284,Chlorsulfuron,64902-72-3,0,1,1,0
285,Chromium (hexavalent compounds),---,1,0,0,0
286,Chromium (hexavalent compounds),---,0,1,1,1
287,Chrysene,218-01-9,1,0,0,0
288,Ciclosporin (Cyclosporin A; Cyclosporine),59865-13-3,1,0,0,0
289,Ciclosporin (Cyclosporin A; Cyclosporine),79217-60-0,0,0,0,0
290,Cidofovir,113852-37-2,1,1,1,1
291,Cinnamyl anthranilate,87-29-6,1,0,0,0
292,Cisplatin,15663-27-1,1,0,0,0
293,Citrus Red No. 2,6358-53-8,1,0,0,0
295,Chemical,CAS No.,Cancer,Developmental,"Female
Reproductive","Male
Reproductive"
296,Cladribine,4291-63-8,0,1,0,0
297,Clarithromycin,81103-11-9,0,1,0,0
298,Clobetasol propionate,25122-46-7,0,1,1,0
299,Clofibrate,637-07-0,1,0,0,0
300,Clomiphene citrate,50-41-9,1,1,0,0
301,Clorazepate dipotassium,57109-90-7,0,1,0,0
303,Coal tar distillation,8007-45-2,1,0,0,0
305,Coal-tar pitch,65996-93-2,1,0,0,0
306,Cobalt [II] oxide,1307-96-6,1,0,0,0
307,Cobalt metal powder,7440-48-4,1,0,0,0
308,Cobalt sulfate,10124-43-3,1,0,0,0
310,Cobalt sulfate heptahydrate,10026-24-1,1,0,0,0
311,Cocaine,50-36-2,0,1,1,0
312,"Coconut oil diethanolamine condensate (cocamide
diethanolamine)",68603-42-9,1,0,0,0
313,"Coconut oil diethanolamine condensate (cocamide
diethanolamine)",61789-19-3,0,0,0,0
314,Coconut oil diethanolamine condensate (cocamide diethanolamine),68155-06-6,0,0,0,0
317,Codeine phosphate,52-28-8,0,1,0,0
319,Coke oven emissions,---,1,0,0,0
320,Colchicine,64-86-8,0,1,0,1
321,Conjugated estrogens,---,1,1,0,0
322,Creosotes,---,1,0,0,0
323,Cumene,98-82-8,1,0,0,0
324,Cupferron,135-20-6,1,0,0,0
325,Cyanazine,21725-46-2,0,1,0,0
326,Cycasin,14901-08-7,1,0,0,0
328,Chemical,CAS No.,Cancer,Developmental,"Female
Reproductive","Male
Reproductive"
329,Cycloate,1134-23-2,0,1,0,0
330,Cycloheximide,66-81-9,0,1,0,0
331,Cyclopenta[cd ]pyrene,27208-37-3,1,0,0,0
332,Cyclophosphamide (anhydrous),50-18-0,1,0,0,0
333,Cyclophosphamide (anhydrous),50-18-0,0,1,1,1
334,Cyclophosphamide (hydrated),6055-19-2,1,0,0,0
335,Cyclophosphamide (hydrated),6055-19-2,0,1,1,1
336,Cyhexatin,13121-70-5,0,1,0,0
337,Cytarabine,147-94-4,0,1,0,0
338,Cytembena,21739-91-3,1,0,0,0
339,D&C Orange No. 17,3468-63-1,1,0,0,0
340,D&C Red No. 19,81-88-9,1,0,0,0
341,D&C Red No. 8,2092-56-0,1,0,0,0
342,D&C Red No. 9,1190723,1,0,0,0
343,Dacarbazine,891986,1,0,0,0
344,Dacarbazine,891986,0,1,0,0
345,Daminozide,1596-84-5,1,0,0,0
346,Danazol,17230-88-5,0,1,0,0
347,"Dantron (Chrysazin; 1,8-Dihydroxyanthraquinone)",117-10-2,1,0,0,0
348,Daunomycin,20830-81-3,1,0,0,0
349,Daunorubicin hydrochloride,23541-50-6,0,1,0,0
350,DDD (Dichlorodiphenyl-dichloroethane),72-54-8,1,0,0,0
351,DDE (Dichlorodiphenyl-dichloroethylene),72-55-9,1,0,0,0
352,DDT (Dichlorodiphenyl-trichloroethane),50-29-3,1,0,0,0
353,DDVP (Dichlorvos),62-73-7,1,0,0,0
354,Demeclocycline hydrochloride (internal use),64-73-3,0,1,0,0
355,Di(2-ethylhexyl)phthalate,117-81-7,1,0,0,0
356,Di(2-ethylhexyl)phthalate,117-81-7,0,1,0,1
357,Diaminotoluene (mixed),---,1,0,0,0
358,Diazepam,439-14-5,0,1,0,0
359,Diazoaminobenzene,136-35-6,1,0,0,0
360,Diazoxide,364-98-7,0,1,0,0
361,"Dibenz[a,h]acridine",226-36-8,1,0,0,0
362,"Dibenz[a,h]anthracene",53-70-3,1,0,0,0
363,"Dibenz[a,j]acridine",224-42-0,1,0,0,0
364,"Dibenzo[a,e]pyrene",192-65-4,1,0,0,0
365,"Dibenzo[a,h]pyrene",189-64-0,1,0,0,0
367,Chemical,CAS No.,Cancer,Developmental,"Female
Reproductive","Male
Reproductive"
368,"Dibenzo[a,i]pyrene",189-55-9,1,0,0,0
369,"Dibenzo[a,l]pyrene",191-30-0,1,0,0,0
370,Dibromoacetic acid,631-64-1,1,0,0,0
371,Dibromoacetonitrile,3252-43-5,1,0,0,0
372,Dichloroacetic acid,79-43-6,1,0,0,0
373,Dichloroacetic acid,79-43-6,0,0,0,1
374,Dichloromethane (Methylene chloride),64164,1,0,0,0
375,Dichlorophene,97-23-4,0,1,0,0
376,Dichlorphenamide,120-97-8,0,1,0,0
377,Diclofop methyl,51338-27-3,0,1,0,0
378,Diclofop-methyl,51338-27-3,1,0,0,0
379,Dicumarol,66-76-2,0,1,0,0
380,Dieldrin,60-57-1,1,0,0,0
381,Diepoxybutane,1464-53-5,1,0,0,0
382,Diesel engine exhaust,---,1,0,0,0
384,Diethanolamine (DEA),111-42-2,1,0,0,0
385,Diethyl sulfate,64-67-5,1,0,0,0
386,Diethylstilbestrol (DES),56-53-1,1,0,0,0
387,Diethylstilbestrol (DES),56-53-1,0,1,0,0
388,Diflunisal,22494-42-4,0,1,1,0
389,Diglycidyl ether,123639,0,0,0,1
390,Diglycidyl resorcinol ether (DGRE),101-90-6,1,0,0,0
391,Dihydroergotamine mesylate,6190-39-2,0,1,0,0
392,Dihydrosafrole,94-58-6,1,0,0,0
393,Di-isodecyl phthalate (DIDP),"68515-49-1
26761-40-0",0,1,0,0
394,Diisopropyl sulfate,392186,1,0,0,0
395,Diltiazem hydrochloride,33286-22-5,0,1,0,0
396,Dimethyl sulfate,77-78-1,1,0,0,0
397,Dimethylcarbamoyl chloride,79-44-7,1,0,0,0
398,Dimethylvinylchloride,513-37-1,1,0,0,0
399,Di-n -butyl phthalate (DBP),84-74-2,0,1,1,1
400,Di-n -hexyl phthalate (DnHP),84-75-3,0,0,1,1
401,Dinitrotoluene (technical grade),---,0,0,1,1
402,"Dinitrotoluene mixture, 2,4-/2,6-",---,1,0,0,0
403,Dinocap,39300-45-3,0,1,0,0
404,Dinoseb,88-85-7,0,1,0,1
406,Chemical,CAS No.,Cancer,Developmental,"Female
Reproductive","Male
Reproductive"
407,"Di-n -propyl isocinchomeronate (MGK Repellent
326)",136-45-8,1,0,0,0
408,Diphenylhydantoin (Phenytoin),57-41-0,1,0,0,0
409,Diphenylhydantoin (Phenytoin),57-41-0,0,1,0,0
410,"Diphenylhydantoin (Phenytoin), sodium salt",630-93-3,1,0,0,0
411,Direct Black 38 (technical grade),1937-37-7,1,0,0,0
412,Direct Blue 6 (technical grade),2602-46-2,1,0,0,0
413,Direct Brown 95 (technical grade),16071-86-6,1,0,0,0
414,Disodium cyanodithioimidocarbonate,138-93-2,0,1,0,0
415,Disperse Blue 1,2475-45-8,1,0,0,0
416,Diuron,330-54-1,1,0,0,0
417,Doxorubicin hydrochloride (Adriamycin),25316-40-9,1,1,0,1
418,Doxycycline (internal use),564-25-0,0,1,0,0
419,Doxycycline calcium (internal use),94088-85-4,0,1,0,0
420,Doxycycline hyclate (internal use),24390-14-5,0,1,0,0
421,Doxycycline monohydrate (internal use),17086-28-1,0,1,0,0
422,Endrin,72-20-8,0,1,0,0
423,Environmental tobacco smoke (ETS),---,0,1,0,0
424,Epichlorohydrin,106-89-8,1,0,0,0
425,Epichlorohydrin,106-89-8,0,0,0,1
426,Epoxiconazole,135319-73-2,1,0,0,0
427,Ergotamine tartrate,379-79-3,0,1,0,0
428,Erionite,"12510-42-8
66733-21-9",1,0,0,0
429,Estradiol 17B,50-28-2,1,0,0,0
430,Estragole,140-67-0,1,0,0,0
433,"Estrogens, steroidal",---,1,0,0,0
435,Estrone,53-16-7,1,0,0,0
436,Estropipate,7280-37-7,1,1,0,0
437,Ethanol in alcoholic beverages,64-17-5,1,0,0,0
438,Ethinylestradiol,57-63-6,1,0,0,0
439,Ethionamide,536-33-4,0,1,0,0
440,Ethoprop,13194-48-4,1,0,0,0
442,Chemical,CAS No.,Cancer,Developmental,"Female
Reproductive","Male
Reproductive"
443,Ethyl acrylate,140-88-5,1,0,0,0
444,Ethyl alcohol in alcoholic beverages,---,0,1,0,0
445,Ethyl dipropylthiocarbamate,759-94-4,0,1,0,0
446,Ethyl methanesulfonate,62-50-0,1,0,0,0
447,"Ethyl-4,4'-dichlorobenzilate",510-15-6,1,0,0,0
448,Ethylbenzene,100-41-4,1,0,0,0
449,Ethylene dibromide,106-93-4,1,0,0,0
450,Ethylene dibromide,106-93-4,0,1,0,1
451,"Ethylene dichloride (1,2-Dichloroethane)",107-06-2,1,0,0,0
452,Ethylene glycol monoethyl ether,110-80-5,0,1,0,1
453,Ethylene glycol monoethyl ether acetate,111-15-9,0,1,0,1
454,Ethylene glycol monomethyl ether,109-86-4,0,1,0,1
455,Ethylene glycol monomethyl ether acetate,110-49-6,0,1,0,1
456,Ethylene oxide,75-21-8,1,0,0,0
457,Ethylene oxide,75-21-8,0,1,1,1
458,Ethylene thiourea,96-45-7,1,0,0,0
459,Ethylene thiourea,96-45-7,0,1,0,0
460,Ethyleneimine,151-56-4,1,0,0,0
461,Ethyl-tert-butyl ether,637-92-3,0,0,0,1
462,Etodolac,41340-25-4,0,1,1,0
463,Etoposide,33419-42-0,1,0,0,0
464,Etoposide,33419-42-0,0,1,0,0
465,Etoposide in combination with cisplatin and bleomycin,"33419-42-0
15663-27-1
11056-06-7",1,0,0,0
466,Etretinate,54350-48-0,0,1,0,0
467,Fenoxaprop ethyl,66441-23-4,0,1,0,0
468,Fenoxycarb,72490-01-8,1,0,0,0
469,Filgrastim,121181-53-1,0,1,0,0
470,Fluazifop butyl,69806-50-4,0,1,0,0
471,Flunisolide,542449,0,1,1,0
472,Fluorouracil,51-21-8,0,1,0,0
473,Fluoxetine,54910-89-3,0,1,1,1
474,Fluoxetine hydrochloride (Prozac),59333-67-4,0,1,1,1
475,Fluoxetine hydrochloride (Prozac),56296-78-7,0,1,1,1
476,Fluoxymesterone,76-43-7,0,1,0,0
477,Flurazepam hydrochloride,1172-18-5,0,1,0,0
478,Flurbiprofen,5104-49-4,0,1,1,0
480,Chemical,CAS No.,Cancer,Developmental,"Female
Reproductive","Male
Reproductive"
481,Flutamide,13311-84-7,0,1,0,0
482,Fluticasone propionate,80474-14-2,0,1,0,0
483,Fluvalinate,69409-94-5,0,1,0,0
484,Folpet,133-07-3,1,0,0,0
485,Formaldehyde,50-00-0,1,0,0,0
486,Formaldehyde,463-57-0,0,0,0,0
488,Formaldehyde,30525-89-4,0,0,0,0
489,Formaldehyde (gas),50-00-0,1,0,0,0
490,"Fuel oils, residual (heavy)",---,1,0,0,0
491,Fumonisin B1,116355-83-0,1,0,0,0
492,Furan,110-00-9,1,0,0,0
493,Furazole (Mon 13900),121776-33-8,1,0,0,0
494,Furazolidone,67-45-8,1,0,0,0
495,Furmecyclox,60568-05-0,1,0,0,0
496,Fusarin C,79748-81-5,1,0,0,0
497,"Fusarium moniliforme, toxins derived from
(fumonisin B1, fumonisin B2, and fusarin C",116355-83-0,1,0,0,0
498,Gallium arsenide,1303-00-0,1,0,0,0
499,Gallium arsenide,1303-00-0,1,0,0,0
500,Ganciclovir,82410-32-0,1,1,0,1
501,Ganciclovir sodium,107910-75-8,0,1,0,1
502,Gasoline,---,1,0,0,0
503,Gasoline engine exhaust (condensates/extracts),---,1,0,0,0
504,Gemfibrozil,25812-30-0,1,0,1,1
505,Glass wool fibers (inhalable and biopersistent),---,1,0,0,0
507,"Glu-P-1 (2-Amino-6-methyldipyrido[1,2- a:3',2'-
d]imidazole)",67730-11-4,1,0,0,0
508,"Glu-P-2 (2-Aminodipyrido[1,2-a:3',2'-d]imidazole)",67730-10-3,1,0,0,0
509,Glycidaldehyde,765-34-4,1,0,0,0
510,Glycidol,556-52-5,1,0,0,0
511,Goserelin acetate,65807-02-5,0,1,1,1
512,Griseofulvin,126-07-8,1,0,0,0
513,Gyromitrin (Acetaldehyde methylformylhydrazone),16568-02-8,1,0,0,0
514,Halazepam,23092-17-3,0,1,0,0
516,Chemical,CAS No.,Cancer,Developmental,"Female
Reproductive","Male
Reproductive"
517,Halobetasol propionate,66852-54-8,0,1,0,0
518,Haloperidol,52-86-8,0,1,1,0
519,Halothane,151-67-7,0,1,0,0
520,Haloxyfop-methyl (Verdict),69806-40-2,1,0,0,0
521,HC Blue 1,2784-94-3,1,0,0,0
522,Heptachlor,76-44-8,1,0,0,0
523,Heptachlor,76-44-8,0,1,0,0
524,Heptachlor epoxide,1024-57-3,1,0,0,0
525,"Herbal remedies containing plant species of the
genus Aristolochia",---,1,0,0,0
526,Hexachlorobenzene,118-74-1,1,0,0,0
527,Hexachlorobenzene,118-74-1,0,1,0,0
528,Hexachlorobutadiene,87-68-3,1,0,0,0
532,Hexachlorocyclohexane (technical grade),---,1,0,0,0
533,Hexachlorodibenzodioxin,34465-46- 8,1,0,0,0
534,Hexachloroethane,67-72-1,1,0,0,0
535,Hexafluoroacetone,684-16-2,0,0,0,1
536,Hexamethylphosphoramide,680-31-9,1,0,0,0
537,Hexamethylphosphoramide,680-31-9,0,0,0,1
538,Histrelin acetate,---,0,1,0,0
539,Hydramethylnon,67485-29-4,0,1,0,1
540,Hydrazine,302-01-2,1,0,0,0
541,Hydrazine sulfate,10034-93-2,1,0,0,0
542,"Hydrazobenzene (1,2-Diphenylhydrazine)",122-66-7,1,0,0,0
543,Hydroxyurea,127-07-1,0,1,0,0
544,Idarubicin hydrochloride,57852-57-0,0,1,0,1
545,Ifosfamide,3778-73-2,0,1,0,0
546,Imazalil,35554-44-0,1,0,0,0
547,Imazalil,35554-44-0,1,0,0,0
548,"Indeno [1,2,3-cd]pyrene",193-39-5,1,0,0,0
549,Indium phosphide,22398-80-7,1,0,0,0
550,Iodine-131,10043-66-0,0,1,0,0
551,Iprodione,36734-19-7,1,0,0,0
552,Iprovalicarb,140923-25-7,1,0,0,0
553,Iprovalicarb,140923-17-7,1,0,0,0
555,Chemical,CAS No.,Cancer,Developmental,"Female
Reproductive","Male
Reproductive"
556,"IQ (2-Amino-3-methylimidazo[4,5-f] quinoline)",76180-96-6,1,0,0,0
557,Iron dextran complex,9004-66-4,1,0,0,0
558,Isobutyl nitrite,542-56-3,1,0,0,0
559,Isoprene,78-79-5,1,0,0,0
560,Isopyrazam,881685-58-1,1,0,0,0
561,Isotretinoin,4759-48-2,0,1,0,0
562,Isoxaflutole,141112-29-0,1,0,0,0
563,Kresoxim-methyl,143390-89-0,1,0,0,0
564,Lactofen,77501-63-4,1,0,0,0
565,Lasiocarpine,303-34-4,1,0,0,0
566,Lead,---,0,1,1,1
567,Lead acetate,301-04-2,1,0,0,0
568,Lead and lead compounds,---,1,0,0,0
569,Lead phosphate,7446-27-7,1,0,0,0
570,Lead subacetate,1335-32-6,1,0,0,0
571,Leather dust,---,1,0,0,0
572,Leuprolide acetate,74381-53-6,0,1,1,1
573,Levodopa,59-92-7,0,1,0,0
574,Levonorgestrel implants,797-63-7,0,0,1,0
575,Lindane and other hexachlorocyclohexane isomers,---,1,0,0,0
576,Linuron,330-55-2,0,1,0,0
577,Lithium carbonate,554-13-2,0,1,0,0
578,Lithium citrate,919-16-4,0,1,0,0
579,Lorazepam,846-49-1,0,1,0,0
580,Lovastatin,75330-75-5,0,1,0,0
581,Lynestrenol,52-76-6,1,0,0,0
582,"Malonaldehyde, sodium salt",24382-04-5,1,0,0,0
583,Mancozeb,2234562,1,0,0,0
584,Maneb,12427-38-2,1,0,0,0
585,Marijuana smoke,---,1,0,0,0
586,m -Dinitrobenzene,99-65-0,0,0,0,1
587,"Me-A-alpha-C (2-Amino-3-methyl-9H-pyrido[2,3-
b]indole)",68006-83-7,1,0,0,0
588,Mebendazole,31431-39-7,0,1,0,0
589,Medroxyprogesterone acetate,71-58-9,1,0,0,0
590,Medroxyprogesterone acetate,71-58-9,0,1,0,0
591,Megestrol acetate,595-33-5,0,1,0,0
593,Chemical,CAS No.,Cancer,Developmental,"Female
Reproductive","Male
Reproductive"
594,"MeIQ (2-Amino-3,4-dimethylimidazo[4,5- f]quinoline)",77094-11-2,1,0,0,0
595,"MeIQx (2-Amino-3,8-dimethylimidazo[4,5-
f]quinoxaline)",77500-04-0,1,0,0,0
596,Melphalan,148-82-3,1,0,0,0
597,Melphalan,148-82-3,0,1,0,0
598,Menotropins,9002-68-0,0,1,0,0
599,Mepanipyrim,110235-47-7,1,0,0,0
600,Mepanipyrim,110235-47-7,1,0,0,0
601,Meprobamate,57-53-4,0,1,0,0
602,Mercaptopurine,6112-76-1,0,1,0,0
603,Mercury and mercury compounds,---,0,1,0,0
604,Merphalan,531-76-0,1,0,0,0
605,Mestranol,72-33-3,1,0,0,0
606,Metam potassium,137-41-7,1,0,0,0
607,Methacycline hydrochloride,3963-95-9,0,1,0,0
608,Metham sodium,137-42-8,1,0,0,0
609,Metham sodium,137-42-8,0,1,0,0
610,Methanol,67-56-1,0,1,0,0
611,Methazole,20354-26-1,0,1,0,0
612,Methimazole,60-56-0,0,1,0,0
613,Methotrexate,58197,0,1,0,0
614,Methotrexate sodium,15475-56-6,0,1,0,0
615,"Methyl bromide, as a structural fumigant",74-83-9,0,1,0,0
616,Methyl carbamate,598-55-0,1,0,0,0
617,Methyl chloride,74-87-3,0,1,0,1
618,Methyl iodide,74-88-4,1,0,0,0
619,Methyl isobutyl ketone,108-10-1,1,0,0,0
620,Methyl isocyanate (MIC),624-83-9,0,1,1,0
621,Methyl isopropyl ketone,563-80-4,0,1,0,0
622,Methyl isothiocyanate,556-61-6,1,0,0,0
623,Methyl mercury,---,0,1,0,0
624,Methyl methanesulfonate,66-27-3,1,0,0,0
625,Methyl n-butyl ketone,591-78-6,0,0,0,1
626,Methylazoxymethanol,590-96-5,1,0,0,0
627,Methylazoxymethanol acetate,592-62-1,1,0,0,0
628,Methylene bis (thiocyanate),6317-18-6,1,0,0,0
629,Methyleugenol,93-15-2,1,0,0,0
631,Chemical,CAS No.,Cancer,Developmental,"Female
Reproductive","Male
Reproductive"
633,Methylmercury compounds,---,1,0,0,0
634,Methyltestosterone,58-18-4,0,1,0,0
635,Methylthiouracil,57072,1,0,0,0
636,Metiram,9006-42-2,1,1,0,0
637,Metronidazole,443-48-1,1,0,0,0
638,"Michler's ketone ( [4,4'-
Bis(dimethylamoni)benzophenone)",90-94-8,1,0,0,0
639,Microcystin-LR,101043-37-2,1,0,0,0
640,Midazolam hydrochloride,59467-96-8,0,1,0,0
642,Minocycline hydrochloride (internal use),13614-98-7,0,1,0,0
643,Mirex,2385-85-5,1,0,0,0
644,Misoprostol,59122-46-2,0,1,0,0
645,Mitomycin C,54976,1,0,0,0
646,Mitoxantrone hydrochloride,70476-82-3,0,1,0,0
647,Molinate,2212-67-1,0,1,1,1
648,MON 13900 (furilazole),121776-33-8,1,0,0,0
649,"MON 4660 (4-(dichloroacetyl)-1-oxa-4-
azaspiro[4,5]decane)",71526-07-3,1,0,0,0
650,"MON 4660 (dichloroacetyl-1-oxa-4-azaspiro(4,5)-
decane",71526-07-3,1,0,0,0
651,Monocrotaline,315-22-0,1,0,0,0
652,MOPP (vincristine-prednisone-nitrogen mustard- procarbazine combination chemotherapy regimen),113803-47-7,1,0,0,0
653,Mustard Gas,505-60-2,1,0,0,0
654,"MX (3-chloro-4-dichloromethyl-5-hydroxy-2(5H)-
furanone)",77439-76-0,1,0,0,0
655,Myclobutanil,88671-89-0,0,1,0,1
656,"N,N-Bis(2-chloroethyl)-2-naphthylamine
(Chlornapazine)",494-03-1,1,0,0,0
657,"N,N'-Diacetylbenzidine",613-35-4,1,0,0,0
658,"N,N-Dimethylacetamide",127-19-5,0,1,0,0
659,N-[4-(5-Nitro-2-furyl)-2-thiazolyl]acetamide,531-82-8,1,0,0,0
660,Nabam,142-59-6,0,1,0,0
661,Nafarelin acetate,86220-42-0,0,1,0,0
662,Nafenopin,3771-19-5,1,0,0,0
664,Chemical,CAS No.,Cancer,Developmental,"Female
Reproductive","Male
Reproductive"
665,Nalidixic acid,389-08-2,1,0,0,0
666,Naphthalene,91-20-3,1,0,0,0
667,n-Butyl glycidyl ether,192337,0,0,0,1
668,N-Carboxymethyl-N-nitrosourea,60391-92-6,1,0,0,0
669,Neomycin sulfate (internal use),-180518,0,1,0,0
670,Netilmicin sulfate,56391-57-2,0,1,0,0
671,Nickel (Metallic),7440-02-0,1,0,0,0
673,Nickel acetate,373-02-4,1,0,0,0
674,Nickel carbonate,3333-67-3,1,0,0,0
675,Nickel carbonyl,13463-39-3,1,1,0,0
676,Nickel compounds,---,1,0,0,0
677,Nickel hydroxide,"12054-48-7
12125-56-3",1,0,0,0
678,Nickel oxide,1313-99-1,1,0,0,0
679,"Nickel refinery dust from the pyrometallurgical
process",---,1,0,0,0
680,Nickel subsulfide,12035-72-2,1,0,0,0
681,Nickelocene,1271-28-9,1,0,0,0
682,Nicotine,56558,0,1,0,0
683,Nifedipine,21829-25-4,0,1,1,1
684,Nimodipine,66085-59-4,0,1,0,0
685,Niridazole,61-57-4,1,0,0,0
686,Nitrapyrin,1929-82-4,1,1,0,0
688,Nitrilotriacetic acid,139-13-9,1,0,0,0
689,"Nitrilotriacetic acid, trisodium salt monohydrate",18662-53-8,1,0,0,0
690,Nitrobenzene,98-95-3,1,0,0,0
691,Nitrobenzene,98-95-3,0,0,0,1
692,Nitrofen (technical grade),1836-75-5,1,0,0,0
693,Nitrofurantoin,67-20-9,0,0,0,1
694,Nitrofurazone,59-87-0,1,0,0,0
695,Nitrogen mustard (Mechlorethamine),51-75-2,1,0,0,0
696,Nitrogen mustard (Mechlorethamine),51-75-2,0,1,0,0
697,"Nitrogen mustard hydrochloride (Mechlorethamine
hydrochloride)",55-86-7,1,0,0,0
699,Chemical,CAS No.,Cancer,Developmental,"Female
Reproductive","Male
Reproductive"
700,Nitrogen mustard hydrochloride (Mechlorethamine hydrochloride),55-86-7,0,1,0,0
701,Nitrogen mustard N-oxide,126-85-2,1,0,0,0
702,Nitrogen mustard N-oxide hydrochloride,302-70-5,1,0,0,0
703,Nitromethane,75-52-5,1,0,0,0
704,Nitrous oxide,10024-97-2,0,1,0,0
705,N-Methyl-N'-nitro-N-nitrosoguanidine,70-25-7,1,0,0,0
706,N-Methylolacrylamide,924-42-5,1,0,0,0
707,N-Methylpyrrolidone,872-50-4,0,1,0,0
708,N-Nitrosodiethanolamine,1116-54-7,1,0,0,0
709,N-Nitrosodiethylamine,55-18-5,1,0,0,0
710,N-Nitrosodimethylamine,62-75-9,1,0,0,0
711,N-Nitrosodi-n -butylamine,924-16-3,1,0,0,0
712,N-Nitrosodi-n -propylamine,621-64-7,1,0,0,0
713,N-Nitrosodiphenylamine,86-30-6,1,0,0,0
714,N-Nitrosomethylethylamine,10595-95-6,1,0,0,0
715,N-Nitrosomethylvinylamine,4549-40-0,1,0,0,0
716,N-Nitrosomorpholine,59-89-2,1,0,0,0
717,N-Nitroso-N-ethylurea,759-73-9,1,0,0,0
718,N-Nitroso-N-methylurea,684-93-5,1,0,0,0
719,N-Nitroso-N-methylurethane,615-53-2,1,0,0,0
720,N-Nitrosonornicotine,16543-55-8,1,0,0,0
721,N-Nitrosopiperidine,100-75-4,1,0,0,0
722,N-Nitrosopyrrolidine,930-55-2,1,0,0,0
723,N-Nitrososarcosine,13256-22-9,1,0,0,0
724,Norethisterone (Norethindrone),68-22-4,1,1,0,0
725,Norethisterone (Norethindrone)/Ethinyl estradiol,"68-22-4
57-63-6",0,1,0,0
726,Norethisterone (Norethindrone)/Mestranol,"68-22-4
72-33-3",0,1,0,0
727,Norethisterone acetate (Norethindrone acetate),51-98-9,0,1,0,0
728,Norethynodrel,68-23-5,1,0,0,0
729,Norgestrel,6533-00-2,0,1,0,0
730,"o,p'-DDT",789-02-6,0,1,1,1
731,o -Aminoazotoluene,97-56-3,1,0,0,0
732,o -Anisidine,90-04-0,1,0,0,0
733,o -Anisidine hydrochloride,134-29-2,1,0,0,0
734,Ochratoxin A,303-47-9,1,0,0,0
736,Chemical,CAS No.,Cancer,Developmental,"Female
Reproductive","Male
Reproductive"
737,o -Dinitrobenzene,528-29-0,0,0,0,1
738,Oil Orange SS,2646-17-5,1,0,0,0
739,o -Nitroanisole,91-23-6,1,0,0,0
740,o -Nitrotoluene,88-72-2,1,0,0,0
742,o -Phenylenediamine and its salts,95-54-5,1,0,0,0
744,"o -Phenylphenate, sodium",132-27-4,1,0,0,0
745,o -Phenylphenol,90-43-7,1,0,0,0
746,"Oral contraceptives, combined",---,1,0,0,0
747,"Oral contraceptives, sequential",---,1,0,0,0
748,Oryzalin,19044-88-3,1,0,0,0
749,o -Toluidine,95-53-4,1,0,0,0
750,o -Toluidine hydrochloride,636-21-5,1,0,0,0
751,Oxadiazon,19666-30-9,1,0,0,0
752,Oxadiazon,19666-30-9,0,1,0,0
753,Oxazepam,604-75-1,1,0,0,0
754,Oxazepam,604-75-1,0,1,0,0
755,Oxydemeton methyl,301-12-2,0,0,1,1
756,Oxymetholone,434-07-1,1,1,0,0
757,Oxytetracycline (internal use),79-57-2,0,1,0,0
758,Oxytetracycline hydrochloride (internal use),2058-46-0,0,1,0,0
759,Oxythioquinox (Chinomethionat),196869,1,1,0,0
760,"p,p'-DDT",50-29-3,0,1,1,1
761,"p,p'-Oxybis(benzenesulfonyl hydrazide)",80-51-3,0,1,0,0
762,"p-a,a,a- Tetrachlorotoluene",5216-25-1,1,0,0,0
763,Paclitaxel,33069-62-4,0,1,1,1
764,Palygorskite fibers (> 5mm in length),12174-11-7,1,0,0,0
765,p -Aminoazobenzene,58687,1,0,0,0
766,Panfuran S,794-93-4,1,0,0,0
767,Paramethadione,115-67-3,0,1,0,0
768,p -Chloroaniline,106-47-8,1,0,0,0
769,p -Chloroaniline hydrochloride,20265-96-7,1,0,0,0
770,p -Chloro-o -toluidine,95-69-2,1,0,0,0
772,"p- Chloro-o -toluidine, strong acid salts of",---,1,0,0,0
773,p -Cresidine,120-71-8,1,0,0,0
774,p -Dichlorobenzene,106-46-7,1,0,0,0
776,Chemical,CAS No.,Cancer,Developmental,"Female
Reproductive","Male
Reproductive"
777,p -Dinitrobenzene,100-25-4,0,0,0,1
778,Penicillamine,52-67-5,0,1,0,0
779,Pentachlorophenol,87-86-5,1,0,0,0
780,Pentobarbital sodium,57-33-0,0,1,0,0
781,Pentostatin,53910-25-1,0,1,0,0
782,Permethrin,52645-53-1,1,0,0,0
783,Phenacemide,63-98-9,0,1,0,0
784,Phenacetin,62-44-2,1,0,0,0
785,Phenazopyridine,94-78-0,1,0,0,0
786,Phenazopyridine hydrochloride,136-40-3,1,0,0,0
787,Phenesterin,601472,1,0,0,0
788,Phenobarbital,54945,1,0,0,0
789,Phenolphthalein,64901,1,0,0,0
790,Phenoxybenzamine,59-96-1,1,0,0,0
791,Phenoxybenzamine hydrochloride,63-92-3,1,0,0,0
792,Phenprocoumon,435-97-2,0,1,0,0
793,Phenyl glycidyl ether,122-60-1,1,0,0,1
795,Phenylhydrazine and its salts,---,1,0,0,0
797,Phenylphosphine,638-21-1,0,1,0,0
798,"PhiP(2-Amino-1-methyl-6-phenylimidazol[4,5-
b]pyridine)",105650-23-5,1,0,0,0
800,Pimozide,2062-78-4,0,1,1,0
801,Pipobroman,54-91-1,0,1,0,0
802,Pirimicarb,23103-98-2,1,0,0,0
803,Plicamycin,18378-89-7,0,1,0,0
804,p -Nitrosodiphenylamine,156-10-5,1,0,0,0
805,Polybrominated biphenyls,---,1,0,0,0
806,Polybrominated biphenyls,---,0,1,0,0
807,Polychlorinated biphenyls,1336-36-3,1,0,0,0
808,Polychlorinated biphenyls,---,1,1,0,0
809,"Polychlorinated biphenyls (containing 60 or more
percent percent chlorine by molecular weight)",---,1,0,0,0
810,Polychlorinated dibenzofurans,---,1,0,0,0
811,Polychlorinated dibenzo-p -dioxins,---,1,0,0,0
812,Polygeenan,53973-98-1,1,0,0,0
814,Chemical,CAS No.,Cancer,Developmental,"Female
Reproductive","Male
Reproductive"
815,Ponceau 3R,608016,1,0,0,0
816,Ponceau MX,3761-53-3,1,0,0,0
817,Potassium bromate,2139594,1,0,0,0
818,Potassium dimethyldithiocarbamate,128-03-0,0,1,0,0
819,Pravastatin sodium,81131-70-6,0,1,0,0
820,Prednisolone sodium phosphate,125-02-0,0,1,0,0
821,Primidone,125-33-7,1,0,0,0
822,Procarbazine,671-16-9,1,0,0,0
823,Procarbazine hydrochloride,366-70-1,1,1,0,0
824,Procarbazine hydrochloride,366-70-1,0,1,0,0
825,Procymidone,32809-16-8,1,0,0,0
826,Progesterone,57-83-0,1,0,0,0
827,Progestins,---,1,0,0,0
828,Pronamide,23950-58-5,1,0,0,0
829,Propachlor,1918-16-7,1,0,0,0
830,Propargite,2312-35-8,1,1,0,0
831,Propoxur,114-26-1,1,0,0,0
832,Propylene glycol mono-t -butyl ether,57018-52-7,1,0,0,0
833,Propylene oxide,75-56-9,1,0,0,0
834,Propylthiouracil,51-52-5,1,0,0,0
835,Propylthiouracil,51-52-5,0,1,0,0
836,Pymetrozine,123312-89-0,1,0,0,0
837,Pyraflufen-ethyl,129630-19-9,1,0,0,0
838,Pyridine,110-86-1,1,0,0,0
839,Pyrimethamine,58-14-0,0,1,0,0
840,Quazepam,36735-22-5,0,1,0,0
841,Quinoline and its strong acid salts,---,1,0,0,0
842,Quizalofop-ethyl,76578-14-8,0,0,0,1
843,Radionuclides,---,1,0,0,0
844,Reserpine,50-55-5,1,0,0,0
845,Residual (heavy) fuel oils,---,1,0,0,0
846,Resmethrin,10453-86-8,1,1,0,0
847,Resmethrin,10453-86-8,0,1,0,0
849,Chemical,CAS No.,Cancer,Developmental,"Female
Reproductive","Male
Reproductive"
852,"Retinol/retinyl esters, when in daily dosages in excess of 10,000 IU, or 3,000 retinol equivalents. (NOTE: Retinol/retinyl esters are required and essential for maintenance of normal reproductive function. The recommended daily level during pregnancy is 8,000 IU.)",127-47-9,0,0,0,0
854,"Retinol/retinyl esters, when in daily dosages in excess of 10,000 IU, or 3,000 retinol equivalents. (NOTE: Retinol/retinyl esters are required and essential for maintenance of normal reproductive function. The recommended daily level during pregnancy is 8,000 IU.)",79-81-2,0,0,0,0
855,"Retinol/retinyl esters, when in daily dosages in excess of 10,000 IU, or 3,000 retinol equivalents. (NOTE: Retinol/retinyl esters are required and essential for maintenance of normal reproductive function. The recommended daily level during pregnancy is 8,000 IU.)",11103-57-4,0,0,0,0
857,Chemical,CAS No.,Cancer,Developmental,"Female
Reproductive","Male
Reproductive"
858,"Retinol/retinyl esters, when in daily dosages in excess of 10,000 IU, or 3,000 retinol equivalents. (NOTE: Retinol/retinyl esters are required and essential for maintenance of normal reproductive function. The recommended daily level during pregnancy is 8,000 IU.)",79-81-2,0,0,0,0
859,Ribavirin,36791-04-5,0,1,0,1
860,Riddelliine,23246-96-0,1,0,0,0
861,Rifampin,13292-46-1,0,1,1,0
862,"S,S,S-Tributyl phosphorotrithioate (Tribufos, DEF)",78-48-8,1,0,0,0
863,Safrole,94-59-7,1,0,0,0
864,"Salted fish, Chinese-style",---,1,0,0,0
865,Secobarbital sodium,309-43-3,0,1,0,0
866,Selenium sulfide,7446-34-6,1,0,0,0
867,Sermorelin acetate,---,0,1,0,0
868,Shale-oils,68308-34-9,1,0,0,0
870,"Silica, crystalline (airborne particles of respirable
size)",1317-95-9,0,0,0,0
871,"Silica, crystalline (airborne particles of respirable
size)",14464-46-1,0,0,0,0
872,"Silica, crystalline (airborne particles of respirable
size)",14808-60-7,0,0,0,0
873,"Silica, crystalline (airborne particles of respirable
size)",15468-32-3,0,0,0,0
874,"Silica dust, crystalline, in the form of quartz or
cristoballite",14808-60-7,1,0,0,0
875,Sodium dimethyldithiocarbamate,128-04-1,0,1,0,0
876,Sodium fluoroacetate,62-74-8,0,0,0,1
877,"Soots, tars, and mineral oils (untreated and mildly
treated oils and used engine oils)",---,1,0,0,0
879,Spirodiclofen,148477-71-8,1,0,0,0
880,Spironolactone,55525,1,0,0,0
881,Stanozolol,10418-03-8,1,0,0,0
883,Chemical,CAS No.,Cancer,Developmental,"Female
Reproductive","Male
Reproductive"
884,Sterigmatocystin,10048-13-2,1,0,0,0
885,Streptomycin sulfate,3810-74-0,0,1,0,0
886,Streptozocin (streptozotocin),18883-66-4,0,1,1,1
887,Streptozotocin (streptozocin),18883-66-4,1,0,0,0
888,Strong inorganic acid mists containing sulfuric acid,---,1,0,0,0
889,Styrene,100-42-5,1,0,0,0
890,Styrene oxide,71836,1,0,0,0
891,Sulfallate,71382,1,0,0,0
892,Sulfasalazine (salicylazosulfapyridine),599-79-1,1,0,0,0
893,Sulfasalazine (salicylazosulfapyridine),599-79-1,0,0,0,1
894,Sulfosulfuron,141776-32-1,1,0,0,0
895,Sulfur dioxide,2025884,0,1,0,0
896,Sulindac,38194-50-2,0,1,1,0
897,Talc containing asbestiform fibers,---,1,0,0,0
898,Talc-based body powder (perineal use of),14807-96-6,1,0,0,0
899,Tamoxifen and its salts,10540-29-1,1,0,0,0
900,Tamoxifen citrate,54965-24-1,0,1,0,0
901,Temazepam,846-50-4,0,1,0,0
902,Teniposide,29767-20-2,1,0,0,0
903,Teniposide,29767-20-2,0,1,0,0
904,Terbacil,5902-51-2,0,1,0,0
905,Terrazole,2593-15-9,1,0,0,0
906,tert-Amyl methyl ether,994-05-8,0,1,0,0
907,Testosterone and its esters,58-22-0,1,0,0,0
908,Testosterone cypionate,58-20-8,0,1,0,0
909,Testosterone enanthate,315-37-7,0,1,0,0
910,Tetrachloroethylene (Perchloroethylene),127-18-4,1,0,0,0
911,Tetrachlorvinphos,961-11-5,1,0,0,0
912,Tetracycline (internal use),60-54-8,0,1,0,0
913,Tetracycline hydrochloride (internal use),64-75-5,0,1,0,0
914,Tetracyclines (internal use),---,0,1,0,0
915,Tetrafluoroethylene,116-14-3,1,0,0,0
916,Tetranitromethane,509-14-8,1,0,0,0
917,Thalidomide,50-35-1,0,1,0,0
918,Thiabendazole,148-79-8,1,0,0,0
919,Thialcorprid,111988-49-9,1,0,0,0
920,Thioacetamide,62-55-5,1,0,0,0
922,Chemical,CAS No.,Cancer,Developmental,"Female
Reproductive","Male
Reproductive"
923,Thiodicarb,59669-26-0,1,0,0,0
924,Thioguanine,154-42-7,0,1,0,0
925,Thiophanate methyl,23564-05-8,0,0,1,1
926,Thiouracil,141-90-2,1,0,0,0
927,Thiourea,62-56-6,1,0,0,0
928,Thorium dioxide,1314-20-1,1,0,0,0
929,"Titanium dioxide (airborne, unbound particles of
respirable size)",---,1,0,0,0
930,Titanium dioxide,13463-67-7,1,0,0,0
931,Titanium dioxide,1317-70-0,1,0,0,0
932,Titanium dioxide,1317-80-2,1,0,0,0
933,Titanium dioxide,98084-96-9,0,0,0,0
934,Tobacco smoke,---,1,0,0,0
935,Tobacco smoke (primary),---,0,1,1,1
936,"Tobacco, oral use of smokeless products",---,1,0,0,0
937,Tobramycin sulfate,49842-07-1,0,1,0,0
938,Toluene,108-88-3,0,1,1,0
939,Toluene diisocyanate,26471-62-5,1,0,0,0
940,Tolyfluanid,731-27-1,1,0,0,0
941,Toxaphene (Polychlorinated camphenes),8001-35-2,1,0,0,0
942,"Toxins derived from Fusarium moniliforme
(Fusarium verticillioides)",---,1,0,0,0
943,"trans -2-[(Dimethylamino)methylimino]-5-[2-(5-nitro-
2-furyl)vinyl]-1,3,4-oxadiazole",55738-54-0,1,0,0,0
944,Treosulfan,299-75-2,1,0,0,0
945,Triadimefon,43121-43-3,0,1,1,1
946,Triazolam,28911-01-5,0,1,0,0
947,Tribufos,78-48-8,1,0,0,0
948,Tributyltin methacrylate,2155-70-6,0,1,0,0
949,Trichlorfon,52-68-6,1,0,0,0
950,Trichlormethine (Trimustine hydrochloride),817-09-4,1,0,0,0
951,Trichloroethylene,65386,1,0,0,0
952,Trientine hydrochloride,38260-01-4,0,1,0,0
953,Triforine,26644-46-2,0,1,0,0
954,Trilostane,13647-35-3,0,1,0,0
955,Trimethadione,127-48-0,0,1,0,0
956,Trimethyl phosphate,512-56-1,1,0,0,0
957,Trimetrexate glucuronate,82952-64-5,0,1,0,0
959,Chemical,CAS No.,Cancer,Developmental,"Female
Reproductive","Male
Reproductive"
960,Triphenyltin hydroxide,76-87-9,1,1,0,0
961,"Tris(1,3-dichloro-2-propyl) phosphate (TDCPP)",13674-87-8,1,0,0,0
962,Tris(1-aziridinyl)phosphine sulfide (Thiotepa),52-24-4,1,0,0,0
963,"Tris(2,3-dibromopropyl)phosphate",126-72-7,1,0,0,0
964,Tris(2-chloroethyl) phosphate,115-96-8,1,0,0,0
965,Trp-P-1 (Tryptophan-P-1),62450-06-0,1,0,0,0
966,Trp-P-2 (Tryptophan-P-2),62450-07-1,1,0,0,0
967,Trypan blue (commercial grade),72-57-1,1,0,0,0
968,Unleaded gasoline (wholly vaporized),---,1,0,0,0
969,Uracil mustard,66-75-1,1,0,0,0
970,Uracil mustard,66-75-1,0,1,1,1
971,Urethane (Ethyl carbamate),51-79-6,1,0,0,0
972,Urethane (Ethyl carbamate),51-79-6,0,1,0,0
973,Urofollitropin,97048-13-0,0,1,0,0
974,Valproate (Valproic acid),99-66-1,0,1,0,0
975,"Vanadium pentoxide (orthorhombic crystalline
form)",1314-62-1,1,0,0,0
976,Vinblastine sulfate,143-67-9,0,1,0,0
977,Vinclozolin,50471-44-8,1,1,0,0
978,Vincristine sulfate,2068-78-2,0,1,0,0
979,Vinyl acetate,108-05-4,1,0,0,0
980,Vinyl bromide,593-60-2,1,0,0,0
981,Vinyl chloride,63923,1,0,0,0
982,"Vinyl cyclohexene dioxide (4-Vinyl-1-cyclohexene
diepoxide)",106-87-6,1,0,0,0
983,"Vinyl cyclohexene dioxide (4-Vinyl-1-cyclohexene
diepoxide)",106-87-6,0,0,1,1
984,Vinyl fluoride,63955,1,0,0,0
985,"Vinyl trichloride (1,1,2-Trichloroethane)",79-00-5,1,0,0,0
986,Warfarin,81-81-2,0,1,0,0
988,Wood dust,---,1,0,0,0
989,Zalcitabine,7481-89-2,1,0,0,0
990,Zalcitabine (ddC),7481-89-2,1,0,0,0
991,Zidovudine (AZT),30516-87-1,1,0,0,0
992,Zileuton,111406-87-2,1,1,1,0
993,alpha-Methyl styrene,98-83-9,0,0,1,0
994,alpha-Methylstyrene,98-83-9,1,0,0,0
